checkid,timestamp,productid,workorderid,checktype,result,inspectorid
QC-1,2024-08-19 00:00:00,PROD-103,WO-10002,Visual Inspection,Pass,INSP-5
QC-2,2024-08-19 01:00:00,PROD-103,WO-10002,Dimensional Accuracy,Pass,INSP-1
QC-3,2024-08-19 02:00:00,PROD-103,WO-10002,Visual Inspection,Pass,INSP-2
QC-4,2024-08-19 03:00:00,PROD-103,WO-10002,Functional Test,Pass,INSP-1
QC-5,2024-08-19 04:00:00,PROD-103,WO-10002,Functional Test,Pass,INSP-1
QC-6,2024-08-19 05:00:00,PROD-103,WO-10002,Dimensional Accuracy,Pass,INSP-1
QC-7,2024-08-19 06:00:00,PROD-103,WO-10002,Visual Inspection,Pass,INSP-5
QC-8,2024-08-19 07:00:00,PROD-103,WO-10002,Dimensional Accuracy,Pass,INSP-5
QC-9,2024-04-12 00:00:00,PROD-102,WO-10003,Functional Test,Pass,INSP-4
QC-10,2024-04-12 01:00:00,PROD-102,WO-10003,Functional Test,Pass,INSP-1
QC-11,2024-04-12 02:00:00,PROD-102,WO-10003,Dimensional Accuracy,Pass,INSP-3
QC-12,2025-09-07 00:00:00,PROD-103,WO-10004,Visual Inspection,Pass,INSP-5
QC-13,2025-09-07 01:00:00,PROD-103,WO-10004,Dimensional Accuracy,Pass,INSP-4
QC-14,2025-09-07 02:00:00,PROD-103,WO-10004,Visual Inspection,Fail,INSP-1
QC-15,2025-09-07 03:00:00,PROD-103,WO-10004,Functional Test,Pass,INSP-1
QC-16,2025-09-07 04:00:00,PROD-103,WO-10004,Functional Test,Fail,INSP-3
QC-17,2025-09-07 05:00:00,PROD-103,WO-10004,Functional Test,Pass,INSP-3
QC-18,2025-09-07 06:00:00,PROD-103,WO-10004,Functional Test,Pass,INSP-2
QC-19,2025-09-07 07:00:00,PROD-103,WO-10004,Dimensional Accuracy,Pass,INSP-2
QC-20,2025-09-07 08:00:00,PROD-103,WO-10004,Functional Test,Pass,INSP-1
QC-21,2025-09-07 09:00:00,PROD-103,WO-10004,Dimensional Accuracy,Pass,INSP-5
QC-22,2026-03-31 00:00:00,PROD-103,WO-10005,Functional Test,Pass,INSP-3
QC-23,2026-03-31 01:00:00,PROD-103,WO-10005,Dimensional Accuracy,Pass,INSP-2
QC-24,2026-03-31 02:00:00,PROD-103,WO-10005,Functional Test,Pass,INSP-3
QC-25,2026-03-31 03:00:00,PROD-103,WO-10005,Functional Test,Pass,INSP-3
QC-26,2026-03-31 04:00:00,PROD-103,WO-10005,Dimensional Accuracy,Pass,INSP-5
QC-27,2026-03-31 05:00:00,PROD-103,WO-10005,Visual Inspection,Pass,INSP-5
QC-28,2026-03-31 06:00:00,PROD-103,WO-10005,Dimensional Accuracy,Pass,INSP-5
QC-29,2025-07-03 00:00:00,PROD-102,WO-10007,Visual Inspection,Pass,INSP-4
QC-30,2025-07-03 01:00:00,PROD-102,WO-10007,Functional Test,Pass,INSP-5
QC-31,2025-07-03 02:00:00,PROD-102,WO-10007,Visual Inspection,Pass,INSP-4
QC-32,2025-07-03 03:00:00,PROD-102,WO-10007,Visual Inspection,Pass,INSP-5
QC-33,2025-07-03 04:00:00,PROD-102,WO-10007,Functional Test,Pass,INSP-2
QC-34,2025-07-03 05:00:00,PROD-102,WO-10007,Visual Inspection,Pass,INSP-3
QC-35,2025-07-03 06:00:00,PROD-102,WO-10007,Functional Test,Pass,INSP-4
QC-36,2025-07-03 07:00:00,PROD-102,WO-10007,Visual Inspection,Pass,INSP-3
QC-37,2025-07-03 08:00:00,PROD-102,WO-10007,Visual Inspection,Pass,INSP-2
QC-38,2025-07-03 09:00:00,PROD-102,WO-10007,Functional Test,Pass,INSP-1
QC-39,2025-07-03 10:00:00,PROD-102,WO-10007,Functional Test,Pass,INSP-2
QC-40,2025-04-09 00:00:00,PROD-101,WO-10009,Functional Test,Pass,INSP-2
QC-41,2025-04-09 01:00:00,PROD-101,WO-10009,Visual Inspection,Pass,INSP-3
QC-42,2025-04-09 02:00:00,PROD-101,WO-10009,Functional Test,Pass,INSP-2
QC-43,2025-10-03 00:00:00,PROD-103,WO-10010,Visual Inspection,Pass,INSP-3
QC-44,2025-10-03 01:00:00,PROD-103,WO-10010,Dimensional Accuracy,Pass,INSP-4
QC-45,2025-10-03 02:00:00,PROD-103,WO-10010,Functional Test,Pass,INSP-5
QC-46,2025-10-03 03:00:00,PROD-103,WO-10010,Dimensional Accuracy,Pass,INSP-3
QC-47,2025-10-03 04:00:00,PROD-103,WO-10010,Dimensional Accuracy,Pass,INSP-5
QC-48,2025-10-03 05:00:00,PROD-103,WO-10010,Dimensional Accuracy,Pass,INSP-4
QC-49,2025-04-05 00:00:00,PROD-101,WO-10011,Functional Test,Pass,INSP-2
QC-50,2025-04-05 01:00:00,PROD-101,WO-10011,Functional Test,Pass,INSP-5
QC-51,2025-04-05 02:00:00,PROD-101,WO-10011,Functional Test,Pass,INSP-3
QC-52,2025-04-05 03:00:00,PROD-101,WO-10011,Functional Test,Pass,INSP-2
QC-53,2025-04-05 04:00:00,PROD-101,WO-10011,Functional Test,Pass,INSP-1
QC-54,2025-04-05 05:00:00,PROD-101,WO-10011,Visual Inspection,Pass,INSP-4
QC-55,2025-04-05 06:00:00,PROD-101,WO-10011,Dimensional Accuracy,Pass,INSP-3
QC-56,2025-04-05 07:00:00,PROD-101,WO-10011,Functional Test,Pass,INSP-4
QC-57,2025-04-05 08:00:00,PROD-101,WO-10011,Dimensional Accuracy,Pass,INSP-1
QC-58,2024-12-29 00:00:00,PROD-102,WO-10013,Functional Test,Pass,INSP-4
QC-59,2024-12-29 01:00:00,PROD-102,WO-10013,Visual Inspection,Pass,INSP-4
QC-60,2024-12-29 02:00:00,PROD-102,WO-10013,Visual Inspection,Pass,INSP-1
QC-61,2025-02-01 00:00:00,PROD-103,WO-10015,Functional Test,Pass,INSP-3
QC-62,2025-02-01 01:00:00,PROD-103,WO-10015,Functional Test,Pass,INSP-1
QC-63,2025-02-01 02:00:00,PROD-103,WO-10015,Visual Inspection,Pass,INSP-2
QC-64,2025-02-01 03:00:00,PROD-103,WO-10015,Functional Test,Pass,INSP-3
QC-65,2025-02-01 04:00:00,PROD-103,WO-10015,Visual Inspection,Pass,INSP-4
QC-66,2025-11-16 00:00:00,PROD-102,WO-10017,Visual Inspection,Pass,INSP-3
QC-67,2025-11-16 01:00:00,PROD-102,WO-10017,Functional Test,Pass,INSP-2
QC-68,2025-11-16 02:00:00,PROD-102,WO-10017,Functional Test,Pass,INSP-5
QC-69,2025-11-16 03:00:00,PROD-102,WO-10017,Dimensional Accuracy,Pass,INSP-4
QC-70,2025-11-16 04:00:00,PROD-102,WO-10017,Dimensional Accuracy,Pass,INSP-5
QC-71,2025-11-16 05:00:00,PROD-102,WO-10017,Dimensional Accuracy,Pass,INSP-1
QC-72,2024-12-28 00:00:00,PROD-102,WO-10022,Functional Test,Pass,INSP-5
QC-73,2024-12-28 01:00:00,PROD-102,WO-10022,Functional Test,Pass,INSP-1
QC-74,2024-12-28 02:00:00,PROD-102,WO-10022,Visual Inspection,Pass,INSP-3
QC-75,2024-12-28 03:00:00,PROD-102,WO-10022,Functional Test,Pass,INSP-2
QC-76,2024-12-28 04:00:00,PROD-102,WO-10022,Functional Test,Pass,INSP-5
QC-77,2024-12-28 05:00:00,PROD-102,WO-10022,Functional Test,Pass,INSP-3
QC-78,2024-12-28 06:00:00,PROD-102,WO-10022,Dimensional Accuracy,Pass,INSP-4
QC-79,2024-12-28 07:00:00,PROD-102,WO-10022,Dimensional Accuracy,Pass,INSP-3
QC-80,2024-12-28 08:00:00,PROD-102,WO-10022,Visual Inspection,Pass,INSP-1
QC-81,2024-12-28 09:00:00,PROD-102,WO-10022,Dimensional Accuracy,Pass,INSP-3
QC-82,2024-12-28 10:00:00,PROD-102,WO-10022,Dimensional Accuracy,Fail,INSP-4
QC-83,2024-12-28 11:00:00,PROD-102,WO-10022,Visual Inspection,Pass,INSP-4
QC-84,2024-08-29 00:00:00,PROD-101,WO-10023,Visual Inspection,Pass,INSP-5
QC-85,2024-08-29 01:00:00,PROD-101,WO-10023,Visual Inspection,Pass,INSP-3
QC-86,2024-08-29 02:00:00,PROD-101,WO-10023,Functional Test,Pass,INSP-5
QC-87,2024-08-29 03:00:00,PROD-101,WO-10023,Visual Inspection,Pass,INSP-2
QC-88,2024-08-29 04:00:00,PROD-101,WO-10023,Functional Test,Pass,INSP-3
QC-89,2024-08-29 05:00:00,PROD-101,WO-10023,Dimensional Accuracy,Pass,INSP-5
QC-90,2024-08-29 06:00:00,PROD-101,WO-10023,Visual Inspection,Pass,INSP-2
QC-91,2024-08-29 07:00:00,PROD-101,WO-10023,Dimensional Accuracy,Pass,INSP-2
QC-92,2024-08-29 08:00:00,PROD-101,WO-10023,Visual Inspection,Pass,INSP-5
QC-93,2024-08-29 09:00:00,PROD-101,WO-10023,Visual Inspection,Pass,INSP-1
QC-94,2024-08-29 10:00:00,PROD-101,WO-10023,Visual Inspection,Pass,INSP-5
QC-95,2024-08-29 11:00:00,PROD-101,WO-10023,Dimensional Accuracy,Pass,INSP-1
QC-96,2024-08-29 12:00:00,PROD-101,WO-10023,Functional Test,Pass,INSP-3
QC-97,2024-01-23 00:00:00,PROD-101,WO-10025,Functional Test,Fail,INSP-4
QC-98,2024-01-23 01:00:00,PROD-101,WO-10025,Functional Test,Pass,INSP-4
QC-99,2024-01-23 02:00:00,PROD-101,WO-10025,Visual Inspection,Pass,INSP-3
QC-100,2024-01-23 03:00:00,PROD-101,WO-10025,Dimensional Accuracy,Pass,INSP-4
QC-101,2024-01-23 04:00:00,PROD-101,WO-10025,Dimensional Accuracy,Pass,INSP-3
QC-102,2024-01-23 05:00:00,PROD-101,WO-10025,Functional Test,Fail,INSP-3
QC-103,2024-01-23 06:00:00,PROD-101,WO-10025,Dimensional Accuracy,Pass,INSP-1
QC-104,2024-01-23 07:00:00,PROD-101,WO-10025,Functional Test,Pass,INSP-5
QC-105,2024-01-23 08:00:00,PROD-101,WO-10025,Visual Inspection,Pass,INSP-4
QC-106,2025-11-18 00:00:00,PROD-104,WO-10028,Visual Inspection,Pass,INSP-4
QC-107,2025-11-18 01:00:00,PROD-104,WO-10028,Dimensional Accuracy,Pass,INSP-3
QC-108,2025-11-18 02:00:00,PROD-104,WO-10028,Functional Test,Pass,INSP-5
QC-109,2025-11-18 03:00:00,PROD-104,WO-10028,Visual Inspection,Pass,INSP-1
QC-110,2025-11-18 04:00:00,PROD-104,WO-10028,Visual Inspection,Pass,INSP-3
QC-111,2024-04-24 00:00:00,PROD-101,WO-10030,Dimensional Accuracy,Pass,INSP-4
QC-112,2024-04-24 01:00:00,PROD-101,WO-10030,Visual Inspection,Pass,INSP-1
QC-113,2024-04-24 02:00:00,PROD-101,WO-10030,Dimensional Accuracy,Pass,INSP-4
QC-114,2024-04-24 03:00:00,PROD-101,WO-10030,Functional Test,Pass,INSP-2
QC-115,2024-07-04 00:00:00,PROD-102,WO-10033,Dimensional Accuracy,Pass,INSP-3
QC-116,2024-07-04 01:00:00,PROD-102,WO-10033,Visual Inspection,Pass,INSP-4
QC-117,2024-07-04 02:00:00,PROD-102,WO-10033,Functional Test,Pass,INSP-3
QC-118,2024-07-04 03:00:00,PROD-102,WO-10033,Visual Inspection,Pass,INSP-4
QC-119,2024-07-04 04:00:00,PROD-102,WO-10033,Dimensional Accuracy,Pass,INSP-2
QC-120,2024-07-04 05:00:00,PROD-102,WO-10033,Visual Inspection,Pass,INSP-1
QC-121,2024-07-04 06:00:00,PROD-102,WO-10033,Dimensional Accuracy,Pass,INSP-3
QC-122,2024-07-04 07:00:00,PROD-102,WO-10033,Functional Test,Pass,INSP-2
QC-123,2024-07-04 08:00:00,PROD-102,WO-10033,Visual Inspection,Pass,INSP-4
QC-124,2024-02-07 00:00:00,PROD-101,WO-10034,Functional Test,Pass,INSP-5
QC-125,2024-02-07 01:00:00,PROD-101,WO-10034,Dimensional Accuracy,Pass,INSP-5
QC-126,2024-02-07 02:00:00,PROD-101,WO-10034,Dimensional Accuracy,Fail,INSP-3
QC-127,2024-09-20 00:00:00,PROD-104,WO-10037,Dimensional Accuracy,Pass,INSP-3
QC-128,2024-09-20 01:00:00,PROD-104,WO-10037,Visual Inspection,Pass,INSP-2
QC-129,2024-09-20 02:00:00,PROD-104,WO-10037,Dimensional Accuracy,Pass,INSP-4
QC-130,2024-09-20 03:00:00,PROD-104,WO-10037,Visual Inspection,Pass,INSP-1
QC-131,2024-09-20 04:00:00,PROD-104,WO-10037,Dimensional Accuracy,Pass,INSP-1
QC-132,2024-07-04 00:00:00,PROD-104,WO-10038,Visual Inspection,Pass,INSP-3
QC-133,2024-07-04 01:00:00,PROD-104,WO-10038,Dimensional Accuracy,Pass,INSP-3
QC-134,2024-07-04 02:00:00,PROD-104,WO-10038,Dimensional Accuracy,Pass,INSP-3
QC-135,2024-07-04 03:00:00,PROD-104,WO-10038,Visual Inspection,Pass,INSP-4
QC-136,2024-07-04 04:00:00,PROD-104,WO-10038,Functional Test,Pass,INSP-5
QC-137,2024-07-04 05:00:00,PROD-104,WO-10038,Visual Inspection,Pass,INSP-3
QC-138,2024-07-04 06:00:00,PROD-104,WO-10038,Visual Inspection,Pass,INSP-5
QC-139,2024-07-04 07:00:00,PROD-104,WO-10038,Functional Test,Pass,INSP-5
QC-140,2024-07-04 08:00:00,PROD-104,WO-10038,Dimensional Accuracy,Pass,INSP-2
QC-141,2024-07-04 09:00:00,PROD-104,WO-10038,Functional Test,Pass,INSP-4
QC-142,2024-07-04 10:00:00,PROD-104,WO-10038,Dimensional Accuracy,Pass,INSP-5
QC-143,2024-07-04 11:00:00,PROD-104,WO-10038,Dimensional Accuracy,Pass,INSP-1
QC-144,2026-03-16 00:00:00,PROD-103,WO-10039,Dimensional Accuracy,Pass,INSP-3
QC-145,2026-03-16 01:00:00,PROD-103,WO-10039,Visual Inspection,Pass,INSP-3
QC-146,2026-03-16 02:00:00,PROD-103,WO-10039,Dimensional Accuracy,Pass,INSP-4
QC-147,2026-03-16 03:00:00,PROD-103,WO-10039,Visual Inspection,Pass,INSP-1
QC-148,2026-03-16 04:00:00,PROD-103,WO-10039,Dimensional Accuracy,Pass,INSP-1
QC-149,2026-03-16 05:00:00,PROD-103,WO-10039,Visual Inspection,Pass,INSP-2
QC-150,2026-03-16 06:00:00,PROD-103,WO-10039,Visual Inspection,Pass,INSP-2
QC-151,2026-03-16 07:00:00,PROD-103,WO-10039,Functional Test,Pass,INSP-4
QC-152,2025-03-30 00:00:00,PROD-103,WO-10041,Functional Test,Pass,INSP-1
QC-153,2025-03-30 01:00:00,PROD-103,WO-10041,Dimensional Accuracy,Fail,INSP-5
QC-154,2024-09-04 00:00:00,PROD-102,WO-10044,Functional Test,Pass,INSP-1
QC-155,2024-09-04 01:00:00,PROD-102,WO-10044,Functional Test,Pass,INSP-5
QC-156,2024-09-04 02:00:00,PROD-102,WO-10044,Dimensional Accuracy,Pass,INSP-4
QC-157,2024-09-04 03:00:00,PROD-102,WO-10044,Visual Inspection,Pass,INSP-5
QC-158,2024-09-04 04:00:00,PROD-102,WO-10044,Dimensional Accuracy,Pass,INSP-1
QC-159,2024-09-04 05:00:00,PROD-102,WO-10044,Dimensional Accuracy,Pass,INSP-4
QC-160,2024-09-04 06:00:00,PROD-102,WO-10044,Dimensional Accuracy,Pass,INSP-5
QC-161,2024-09-04 07:00:00,PROD-102,WO-10044,Visual Inspection,Pass,INSP-1
QC-162,2024-09-04 08:00:00,PROD-102,WO-10044,Dimensional Accuracy,Pass,INSP-5
QC-163,2024-09-04 09:00:00,PROD-102,WO-10044,Visual Inspection,Pass,INSP-5
QC-164,2024-09-27 00:00:00,PROD-103,WO-10046,Dimensional Accuracy,Pass,INSP-2
QC-165,2024-09-27 01:00:00,PROD-103,WO-10046,Dimensional Accuracy,Pass,INSP-4
QC-166,2024-09-27 02:00:00,PROD-103,WO-10046,Functional Test,Pass,INSP-1
QC-167,2024-09-27 03:00:00,PROD-103,WO-10046,Visual Inspection,Pass,INSP-4
QC-168,2024-09-27 04:00:00,PROD-103,WO-10046,Visual Inspection,Pass,INSP-3
QC-169,2024-09-27 05:00:00,PROD-103,WO-10046,Dimensional Accuracy,Pass,INSP-2
QC-170,2024-09-27 06:00:00,PROD-103,WO-10046,Dimensional Accuracy,Pass,INSP-4
QC-171,2024-09-27 07:00:00,PROD-103,WO-10046,Functional Test,Pass,INSP-2
QC-172,2024-09-27 08:00:00,PROD-103,WO-10046,Visual Inspection,Pass,INSP-3
QC-173,2024-09-27 09:00:00,PROD-103,WO-10046,Functional Test,Pass,INSP-5
QC-174,2024-09-27 10:00:00,PROD-103,WO-10046,Functional Test,Pass,INSP-1
QC-175,2024-09-27 11:00:00,PROD-103,WO-10046,Functional Test,Pass,INSP-2
QC-176,2024-09-27 12:00:00,PROD-103,WO-10046,Functional Test,Pass,INSP-5
QC-177,2024-09-27 13:00:00,PROD-103,WO-10046,Dimensional Accuracy,Pass,INSP-1
QC-178,2025-11-14 00:00:00,PROD-102,WO-10047,Functional Test,Pass,INSP-5
QC-179,2025-11-14 01:00:00,PROD-102,WO-10047,Visual Inspection,Pass,INSP-2
QC-180,2025-11-14 02:00:00,PROD-102,WO-10047,Dimensional Accuracy,Pass,INSP-2
QC-181,2025-11-14 03:00:00,PROD-102,WO-10047,Visual Inspection,Pass,INSP-4
QC-182,2025-11-14 04:00:00,PROD-102,WO-10047,Visual Inspection,Pass,INSP-5
QC-183,2025-11-14 05:00:00,PROD-102,WO-10047,Dimensional Accuracy,Pass,INSP-2
QC-184,2025-11-14 06:00:00,PROD-102,WO-10047,Functional Test,Pass,INSP-5
QC-185,2025-11-14 07:00:00,PROD-102,WO-10047,Dimensional Accuracy,Pass,INSP-1
QC-186,2026-01-03 00:00:00,PROD-101,WO-10048,Dimensional Accuracy,Pass,INSP-5
QC-187,2026-01-03 01:00:00,PROD-101,WO-10048,Dimensional Accuracy,Pass,INSP-2
QC-188,2024-08-27 00:00:00,PROD-101,WO-10049,Functional Test,Pass,INSP-3
QC-189,2024-08-27 01:00:00,PROD-101,WO-10049,Dimensional Accuracy,Pass,INSP-5
QC-190,2024-08-27 02:00:00,PROD-101,WO-10049,Dimensional Accuracy,Fail,INSP-3
QC-191,2024-08-27 03:00:00,PROD-101,WO-10049,Dimensional Accuracy,Pass,INSP-1
QC-192,2024-08-27 04:00:00,PROD-101,WO-10049,Functional Test,Pass,INSP-2
QC-193,2024-08-27 05:00:00,PROD-101,WO-10049,Functional Test,Pass,INSP-5
QC-194,2024-08-27 06:00:00,PROD-101,WO-10049,Functional Test,Pass,INSP-4
QC-195,2024-08-27 07:00:00,PROD-101,WO-10049,Functional Test,Pass,INSP-5
QC-196,2024-08-27 08:00:00,PROD-101,WO-10049,Dimensional Accuracy,Pass,INSP-1
QC-197,2024-08-27 09:00:00,PROD-101,WO-10049,Visual Inspection,Pass,INSP-4
QC-198,2024-08-27 10:00:00,PROD-101,WO-10049,Visual Inspection,Pass,INSP-1
QC-199,2024-08-27 11:00:00,PROD-101,WO-10049,Functional Test,Pass,INSP-2
QC-200,2024-08-27 12:00:00,PROD-101,WO-10049,Visual Inspection,Pass,INSP-4
QC-201,2024-08-27 13:00:00,PROD-101,WO-10049,Functional Test,Pass,INSP-3
QC-202,2024-08-27 14:00:00,PROD-101,WO-10049,Functional Test,Pass,INSP-1
QC-203,2024-08-27 15:00:00,PROD-101,WO-10049,Visual Inspection,Fail,INSP-1
QC-204,2025-07-01 00:00:00,PROD-102,WO-10050,Visual Inspection,Pass,INSP-2
QC-205,2025-07-01 01:00:00,PROD-102,WO-10050,Visual Inspection,Pass,INSP-3
QC-206,2025-07-01 02:00:00,PROD-102,WO-10050,Functional Test,Pass,INSP-3
QC-207,2025-07-01 03:00:00,PROD-102,WO-10050,Visual Inspection,Pass,INSP-5
QC-208,2025-07-01 04:00:00,PROD-102,WO-10050,Dimensional Accuracy,Pass,INSP-4
QC-209,2024-02-16 00:00:00,PROD-103,WO-10052,Visual Inspection,Fail,INSP-4
QC-210,2024-02-16 01:00:00,PROD-103,WO-10052,Visual Inspection,Pass,INSP-1
QC-211,2024-02-16 02:00:00,PROD-103,WO-10052,Functional Test,Pass,INSP-2
QC-212,2024-02-16 03:00:00,PROD-103,WO-10052,Visual Inspection,Pass,INSP-5
QC-213,2024-02-16 04:00:00,PROD-103,WO-10052,Dimensional Accuracy,Pass,INSP-3
QC-214,2024-02-16 05:00:00,PROD-103,WO-10052,Dimensional Accuracy,Pass,INSP-4
QC-215,2025-12-04 00:00:00,PROD-102,WO-10054,Visual Inspection,Pass,INSP-2
QC-216,2025-12-04 01:00:00,PROD-102,WO-10054,Dimensional Accuracy,Pass,INSP-1
QC-217,2025-06-09 00:00:00,PROD-104,WO-10055,Functional Test,Fail,INSP-2
QC-218,2025-06-09 01:00:00,PROD-104,WO-10055,Visual Inspection,Pass,INSP-5
QC-219,2025-06-09 02:00:00,PROD-104,WO-10055,Visual Inspection,Pass,INSP-5
QC-220,2025-06-09 03:00:00,PROD-104,WO-10055,Functional Test,Fail,INSP-2
QC-221,2025-06-09 04:00:00,PROD-104,WO-10055,Dimensional Accuracy,Pass,INSP-4
QC-222,2025-06-09 05:00:00,PROD-104,WO-10055,Visual Inspection,Pass,INSP-3
QC-223,2025-06-09 06:00:00,PROD-104,WO-10055,Functional Test,Pass,INSP-3
QC-224,2025-06-09 07:00:00,PROD-104,WO-10055,Functional Test,Pass,INSP-1
QC-225,2025-06-09 08:00:00,PROD-104,WO-10055,Dimensional Accuracy,Pass,INSP-2
QC-226,2025-06-09 09:00:00,PROD-104,WO-10055,Dimensional Accuracy,Pass,INSP-4
QC-227,2025-06-06 00:00:00,PROD-101,WO-10057,Dimensional Accuracy,Pass,INSP-5
QC-228,2025-06-06 01:00:00,PROD-101,WO-10057,Visual Inspection,Pass,INSP-1
QC-229,2025-06-06 02:00:00,PROD-101,WO-10057,Dimensional Accuracy,Pass,INSP-5
QC-230,2025-06-06 03:00:00,PROD-101,WO-10057,Dimensional Accuracy,Pass,INSP-5
QC-231,2025-06-06 04:00:00,PROD-101,WO-10057,Visual Inspection,Pass,INSP-2
QC-232,2025-06-06 05:00:00,PROD-101,WO-10057,Visual Inspection,Pass,INSP-1
QC-233,2025-06-06 06:00:00,PROD-101,WO-10057,Dimensional Accuracy,Pass,INSP-3
QC-234,2025-06-06 07:00:00,PROD-101,WO-10057,Dimensional Accuracy,Pass,INSP-4
QC-235,2025-06-06 08:00:00,PROD-101,WO-10057,Functional Test,Pass,INSP-4
QC-236,2025-06-06 09:00:00,PROD-101,WO-10057,Functional Test,Pass,INSP-1
QC-237,2025-06-06 10:00:00,PROD-101,WO-10057,Visual Inspection,Pass,INSP-1
QC-238,2025-06-06 11:00:00,PROD-101,WO-10057,Dimensional Accuracy,Pass,INSP-2
QC-239,2024-12-06 00:00:00,PROD-103,WO-10058,Visual Inspection,Pass,INSP-2
QC-240,2024-12-06 01:00:00,PROD-103,WO-10058,Functional Test,Pass,INSP-4
QC-241,2024-12-06 02:00:00,PROD-103,WO-10058,Dimensional Accuracy,Pass,INSP-5
QC-242,2024-12-06 03:00:00,PROD-103,WO-10058,Visual Inspection,Pass,INSP-5
QC-243,2024-01-26 00:00:00,PROD-104,WO-10060,Functional Test,Pass,INSP-5
QC-244,2024-01-26 01:00:00,PROD-104,WO-10060,Functional Test,Pass,INSP-5
QC-245,2024-01-26 02:00:00,PROD-104,WO-10060,Dimensional Accuracy,Pass,INSP-4
QC-246,2024-01-26 03:00:00,PROD-104,WO-10060,Visual Inspection,Pass,INSP-3
QC-247,2024-01-26 04:00:00,PROD-104,WO-10060,Dimensional Accuracy,Pass,INSP-4
QC-248,2024-01-26 05:00:00,PROD-104,WO-10060,Functional Test,Pass,INSP-4
QC-249,2024-01-26 06:00:00,PROD-104,WO-10060,Visual Inspection,Pass,INSP-2
QC-250,2024-01-26 07:00:00,PROD-104,WO-10060,Visual Inspection,Pass,INSP-5
QC-251,2024-01-26 08:00:00,PROD-104,WO-10060,Visual Inspection,Pass,INSP-2
QC-252,2024-01-26 09:00:00,PROD-104,WO-10060,Visual Inspection,Pass,INSP-2
QC-253,2024-01-26 10:00:00,PROD-104,WO-10060,Dimensional Accuracy,Pass,INSP-3
QC-254,2024-01-26 11:00:00,PROD-104,WO-10060,Dimensional Accuracy,Pass,INSP-2
QC-255,2024-01-26 12:00:00,PROD-104,WO-10060,Dimensional Accuracy,Fail,INSP-5
QC-256,2024-01-26 13:00:00,PROD-104,WO-10060,Dimensional Accuracy,Pass,INSP-3
QC-257,2024-01-26 14:00:00,PROD-104,WO-10060,Dimensional Accuracy,Pass,INSP-1
QC-258,2024-01-26 15:00:00,PROD-104,WO-10060,Visual Inspection,Pass,INSP-4
QC-259,2024-01-26 16:00:00,PROD-104,WO-10060,Functional Test,Pass,INSP-2
QC-260,2024-07-01 00:00:00,PROD-101,WO-10061,Visual Inspection,Pass,INSP-2
QC-261,2024-07-01 01:00:00,PROD-101,WO-10061,Visual Inspection,Pass,INSP-4
QC-262,2024-07-01 02:00:00,PROD-101,WO-10061,Visual Inspection,Pass,INSP-1
QC-263,2024-07-01 03:00:00,PROD-101,WO-10061,Dimensional Accuracy,Pass,INSP-1
QC-264,2024-07-01 04:00:00,PROD-101,WO-10061,Functional Test,Pass,INSP-1
QC-265,2025-09-22 00:00:00,PROD-101,WO-10062,Visual Inspection,Pass,INSP-3
QC-266,2025-09-22 01:00:00,PROD-101,WO-10062,Functional Test,Pass,INSP-4
QC-267,2025-09-22 02:00:00,PROD-101,WO-10062,Dimensional Accuracy,Pass,INSP-3
QC-268,2025-09-22 03:00:00,PROD-101,WO-10062,Visual Inspection,Pass,INSP-1
QC-269,2025-09-22 04:00:00,PROD-101,WO-10062,Visual Inspection,Pass,INSP-4
QC-270,2024-07-23 00:00:00,PROD-103,WO-10064,Visual Inspection,Pass,INSP-5
QC-271,2024-07-23 01:00:00,PROD-103,WO-10064,Dimensional Accuracy,Pass,INSP-4
QC-272,2024-07-23 02:00:00,PROD-103,WO-10064,Functional Test,Pass,INSP-3
QC-273,2024-07-23 03:00:00,PROD-103,WO-10064,Functional Test,Pass,INSP-2
QC-274,2024-07-23 04:00:00,PROD-103,WO-10064,Functional Test,Pass,INSP-4
QC-275,2024-07-23 05:00:00,PROD-103,WO-10064,Dimensional Accuracy,Pass,INSP-4
QC-276,2024-07-23 06:00:00,PROD-103,WO-10064,Dimensional Accuracy,Pass,INSP-3
QC-277,2024-07-23 07:00:00,PROD-103,WO-10064,Functional Test,Pass,INSP-3
QC-278,2024-07-23 08:00:00,PROD-103,WO-10064,Visual Inspection,Pass,INSP-2
QC-279,2024-07-23 09:00:00,PROD-103,WO-10064,Functional Test,Pass,INSP-1
QC-280,2024-07-23 10:00:00,PROD-103,WO-10064,Dimensional Accuracy,Pass,INSP-1
QC-281,2025-11-13 00:00:00,PROD-104,WO-10069,Dimensional Accuracy,Pass,INSP-5
QC-282,2025-11-13 01:00:00,PROD-104,WO-10069,Functional Test,Pass,INSP-1
QC-283,2025-11-13 02:00:00,PROD-104,WO-10069,Visual Inspection,Pass,INSP-5
QC-284,2025-11-13 03:00:00,PROD-104,WO-10069,Functional Test,Pass,INSP-3
QC-285,2024-01-12 00:00:00,PROD-104,WO-10071,Visual Inspection,Pass,INSP-3
QC-286,2024-01-12 01:00:00,PROD-104,WO-10071,Visual Inspection,Pass,INSP-4
QC-287,2024-01-12 02:00:00,PROD-104,WO-10071,Functional Test,Pass,INSP-4
QC-288,2024-01-12 03:00:00,PROD-104,WO-10071,Dimensional Accuracy,Pass,INSP-1
QC-289,2024-01-12 04:00:00,PROD-104,WO-10071,Functional Test,Pass,INSP-1
QC-290,2025-01-23 00:00:00,PROD-101,WO-10072,Functional Test,Pass,INSP-2
QC-291,2025-01-23 01:00:00,PROD-101,WO-10072,Dimensional Accuracy,Pass,INSP-4
QC-292,2025-01-23 02:00:00,PROD-101,WO-10072,Functional Test,Pass,INSP-1
QC-293,2025-01-23 03:00:00,PROD-101,WO-10072,Dimensional Accuracy,Pass,INSP-5
QC-294,2025-01-23 04:00:00,PROD-101,WO-10072,Visual Inspection,Pass,INSP-3
QC-295,2025-11-18 00:00:00,PROD-104,WO-10073,Dimensional Accuracy,Pass,INSP-4
QC-296,2025-11-18 01:00:00,PROD-104,WO-10073,Visual Inspection,Pass,INSP-4
QC-297,2025-11-18 02:00:00,PROD-104,WO-10073,Functional Test,Pass,INSP-5
QC-298,2024-02-29 00:00:00,PROD-102,WO-10074,Dimensional Accuracy,Fail,INSP-5
QC-299,2024-02-29 01:00:00,PROD-102,WO-10074,Visual Inspection,Pass,INSP-3
QC-300,2024-02-29 02:00:00,PROD-102,WO-10074,Visual Inspection,Pass,INSP-1
QC-301,2024-02-29 03:00:00,PROD-102,WO-10074,Dimensional Accuracy,Pass,INSP-3
QC-302,2024-02-29 04:00:00,PROD-102,WO-10074,Dimensional Accuracy,Pass,INSP-4
QC-303,2024-02-29 05:00:00,PROD-102,WO-10074,Visual Inspection,Pass,INSP-1
QC-304,2024-02-29 06:00:00,PROD-102,WO-10074,Visual Inspection,Pass,INSP-3
QC-305,2024-02-29 07:00:00,PROD-102,WO-10074,Dimensional Accuracy,Pass,INSP-2
QC-306,2024-02-29 08:00:00,PROD-102,WO-10074,Dimensional Accuracy,Pass,INSP-5
QC-307,2024-02-29 09:00:00,PROD-102,WO-10074,Dimensional Accuracy,Pass,INSP-1
QC-308,2024-02-29 10:00:00,PROD-102,WO-10074,Dimensional Accuracy,Pass,INSP-3
QC-309,2025-02-03 00:00:00,PROD-103,WO-10075,Functional Test,Pass,INSP-1
QC-310,2025-02-03 01:00:00,PROD-103,WO-10075,Functional Test,Pass,INSP-2
QC-311,2025-02-03 02:00:00,PROD-103,WO-10075,Functional Test,Pass,INSP-4
QC-312,2025-02-03 03:00:00,PROD-103,WO-10075,Visual Inspection,Pass,INSP-4
QC-313,2025-02-03 04:00:00,PROD-103,WO-10075,Functional Test,Fail,INSP-2
QC-314,2025-02-03 05:00:00,PROD-103,WO-10075,Functional Test,Pass,INSP-2
QC-315,2025-02-03 06:00:00,PROD-103,WO-10075,Dimensional Accuracy,Pass,INSP-5
QC-316,2025-02-03 07:00:00,PROD-103,WO-10075,Dimensional Accuracy,Pass,INSP-4
QC-317,2025-02-03 08:00:00,PROD-103,WO-10075,Visual Inspection,Pass,INSP-5
QC-318,2025-02-03 09:00:00,PROD-103,WO-10075,Functional Test,Pass,INSP-4
QC-319,2025-02-03 10:00:00,PROD-103,WO-10075,Dimensional Accuracy,Pass,INSP-2
QC-320,2025-02-03 11:00:00,PROD-103,WO-10075,Visual Inspection,Pass,INSP-3
QC-321,2025-02-03 12:00:00,PROD-103,WO-10075,Visual Inspection,Pass,INSP-4
QC-322,2024-03-05 00:00:00,PROD-103,WO-10077,Visual Inspection,Pass,INSP-4
QC-323,2024-03-05 01:00:00,PROD-103,WO-10077,Functional Test,Pass,INSP-4
QC-324,2024-03-05 02:00:00,PROD-103,WO-10077,Dimensional Accuracy,Pass,INSP-4
QC-325,2024-03-05 03:00:00,PROD-103,WO-10077,Functional Test,Pass,INSP-5
QC-326,2024-03-05 04:00:00,PROD-103,WO-10077,Dimensional Accuracy,Pass,INSP-5
QC-327,2024-03-05 05:00:00,PROD-103,WO-10077,Dimensional Accuracy,Pass,INSP-1
QC-328,2024-03-05 06:00:00,PROD-103,WO-10077,Dimensional Accuracy,Pass,INSP-1
QC-329,2024-03-05 07:00:00,PROD-103,WO-10077,Dimensional Accuracy,Pass,INSP-2
QC-330,2024-03-05 08:00:00,PROD-103,WO-10077,Visual Inspection,Pass,INSP-3
QC-331,2024-03-05 09:00:00,PROD-103,WO-10077,Dimensional Accuracy,Pass,INSP-4
QC-332,2024-03-05 10:00:00,PROD-103,WO-10077,Visual Inspection,Pass,INSP-5
QC-333,2024-03-05 11:00:00,PROD-103,WO-10077,Visual Inspection,Pass,INSP-3
QC-334,2024-03-05 12:00:00,PROD-103,WO-10077,Visual Inspection,Pass,INSP-3
QC-335,2024-03-05 13:00:00,PROD-103,WO-10077,Functional Test,Pass,INSP-4
QC-336,2024-03-05 14:00:00,PROD-103,WO-10077,Functional Test,Pass,INSP-1
QC-337,2024-03-05 15:00:00,PROD-103,WO-10077,Visual Inspection,Pass,INSP-4
QC-338,2024-03-05 16:00:00,PROD-103,WO-10077,Visual Inspection,Pass,INSP-2
QC-339,2024-03-05 17:00:00,PROD-103,WO-10077,Visual Inspection,Pass,INSP-2
QC-340,2024-03-05 18:00:00,PROD-103,WO-10077,Functional Test,Pass,INSP-4
QC-341,2025-05-04 00:00:00,PROD-103,WO-10078,Visual Inspection,Pass,INSP-5
QC-342,2025-05-04 01:00:00,PROD-103,WO-10078,Functional Test,Pass,INSP-1
QC-343,2025-05-04 02:00:00,PROD-103,WO-10078,Visual Inspection,Pass,INSP-3
QC-344,2025-05-04 03:00:00,PROD-103,WO-10078,Functional Test,Pass,INSP-4
QC-345,2025-05-04 04:00:00,PROD-103,WO-10078,Dimensional Accuracy,Pass,INSP-1
QC-346,2025-05-04 05:00:00,PROD-103,WO-10078,Dimensional Accuracy,Pass,INSP-1
QC-347,2025-05-04 06:00:00,PROD-103,WO-10078,Dimensional Accuracy,Pass,INSP-2
QC-348,2025-05-04 07:00:00,PROD-103,WO-10078,Dimensional Accuracy,Pass,INSP-3
QC-349,2025-05-04 08:00:00,PROD-103,WO-10078,Functional Test,Pass,INSP-3
QC-350,2025-05-04 09:00:00,PROD-103,WO-10078,Visual Inspection,Pass,INSP-5
QC-351,2025-05-04 10:00:00,PROD-103,WO-10078,Dimensional Accuracy,Pass,INSP-1
QC-352,2025-05-04 11:00:00,PROD-103,WO-10078,Visual Inspection,Pass,INSP-2
QC-353,2025-05-04 12:00:00,PROD-103,WO-10078,Functional Test,Pass,INSP-2
QC-354,2026-01-30 00:00:00,PROD-101,WO-10081,Visual Inspection,Pass,INSP-2
QC-355,2026-01-30 01:00:00,PROD-101,WO-10081,Dimensional Accuracy,Pass,INSP-3
QC-356,2026-01-30 02:00:00,PROD-101,WO-10081,Functional Test,Pass,INSP-1
QC-357,2026-01-30 03:00:00,PROD-101,WO-10081,Dimensional Accuracy,Pass,INSP-3
QC-358,2026-01-30 04:00:00,PROD-101,WO-10081,Dimensional Accuracy,Pass,INSP-3
QC-359,2026-01-30 05:00:00,PROD-101,WO-10081,Visual Inspection,Pass,INSP-3
QC-360,2026-01-30 06:00:00,PROD-101,WO-10081,Functional Test,Pass,INSP-3
QC-361,2026-01-30 07:00:00,PROD-101,WO-10081,Visual Inspection,Pass,INSP-3
QC-362,2026-02-27 00:00:00,PROD-101,WO-10082,Dimensional Accuracy,Pass,INSP-4
QC-363,2026-02-27 01:00:00,PROD-101,WO-10082,Visual Inspection,Pass,INSP-3
QC-364,2026-02-27 02:00:00,PROD-101,WO-10082,Functional Test,Fail,INSP-3
QC-365,2026-02-27 03:00:00,PROD-101,WO-10082,Visual Inspection,Pass,INSP-2
QC-366,2026-02-27 04:00:00,PROD-101,WO-10082,Functional Test,Pass,INSP-2
QC-367,2026-02-27 05:00:00,PROD-101,WO-10082,Dimensional Accuracy,Pass,INSP-2
QC-368,2026-02-27 06:00:00,PROD-101,WO-10082,Dimensional Accuracy,Pass,INSP-1
QC-369,2026-02-27 07:00:00,PROD-101,WO-10082,Dimensional Accuracy,Pass,INSP-5
QC-370,2026-02-27 08:00:00,PROD-101,WO-10082,Functional Test,Pass,INSP-1
QC-371,2026-02-27 09:00:00,PROD-101,WO-10082,Visual Inspection,Pass,INSP-1
QC-372,2026-02-27 10:00:00,PROD-101,WO-10082,Dimensional Accuracy,Pass,INSP-3
QC-373,2026-02-27 11:00:00,PROD-101,WO-10082,Visual Inspection,Pass,INSP-3
QC-374,2026-02-27 12:00:00,PROD-101,WO-10082,Functional Test,Pass,INSP-4
QC-375,2026-02-27 13:00:00,PROD-101,WO-10082,Visual Inspection,Pass,INSP-2
QC-376,2026-02-27 14:00:00,PROD-101,WO-10082,Visual Inspection,Pass,INSP-2
QC-377,2026-02-27 15:00:00,PROD-101,WO-10082,Visual Inspection,Pass,INSP-4
QC-378,2026-02-27 16:00:00,PROD-101,WO-10082,Functional Test,Fail,INSP-2
QC-379,2026-01-08 00:00:00,PROD-101,WO-10083,Functional Test,Fail,INSP-5
QC-380,2026-01-08 01:00:00,PROD-101,WO-10083,Dimensional Accuracy,Pass,INSP-2
QC-381,2026-01-08 02:00:00,PROD-101,WO-10083,Dimensional Accuracy,Pass,INSP-4
QC-382,2026-01-08 03:00:00,PROD-101,WO-10083,Dimensional Accuracy,Pass,INSP-5
QC-383,2026-01-08 04:00:00,PROD-101,WO-10083,Visual Inspection,Fail,INSP-1
QC-384,2026-01-08 05:00:00,PROD-101,WO-10083,Functional Test,Pass,INSP-2
QC-385,2026-01-08 06:00:00,PROD-101,WO-10083,Functional Test,Pass,INSP-4
QC-386,2026-01-08 07:00:00,PROD-101,WO-10083,Dimensional Accuracy,Pass,INSP-4
QC-387,2026-01-08 08:00:00,PROD-101,WO-10083,Dimensional Accuracy,Pass,INSP-5
QC-388,2026-01-08 09:00:00,PROD-101,WO-10083,Functional Test,Pass,INSP-5
QC-389,2026-01-08 10:00:00,PROD-101,WO-10083,Visual Inspection,Pass,INSP-2
QC-390,2026-01-08 11:00:00,PROD-101,WO-10083,Dimensional Accuracy,Pass,INSP-4
QC-391,2026-02-01 00:00:00,PROD-103,WO-10085,Visual Inspection,Pass,INSP-5
QC-392,2026-02-01 01:00:00,PROD-103,WO-10085,Visual Inspection,Pass,INSP-2
QC-393,2026-02-01 02:00:00,PROD-103,WO-10085,Functional Test,Fail,INSP-4
QC-394,2026-02-01 03:00:00,PROD-103,WO-10085,Functional Test,Pass,INSP-3
QC-395,2026-02-01 04:00:00,PROD-103,WO-10085,Dimensional Accuracy,Pass,INSP-5
QC-396,2026-02-01 05:00:00,PROD-103,WO-10085,Dimensional Accuracy,Pass,INSP-4
QC-397,2026-02-01 06:00:00,PROD-103,WO-10085,Visual Inspection,Pass,INSP-3
QC-398,2026-02-01 07:00:00,PROD-103,WO-10085,Visual Inspection,Pass,INSP-3
QC-399,2026-02-01 08:00:00,PROD-103,WO-10085,Visual Inspection,Pass,INSP-5
QC-400,2026-02-01 09:00:00,PROD-103,WO-10085,Functional Test,Pass,INSP-4
QC-401,2026-02-01 10:00:00,PROD-103,WO-10085,Functional Test,Pass,INSP-2
QC-402,2025-04-09 00:00:00,PROD-102,WO-10086,Visual Inspection,Pass,INSP-2
QC-403,2025-04-09 01:00:00,PROD-102,WO-10086,Dimensional Accuracy,Pass,INSP-1
QC-404,2025-04-09 02:00:00,PROD-102,WO-10086,Functional Test,Pass,INSP-4
QC-405,2025-04-09 03:00:00,PROD-102,WO-10086,Functional Test,Pass,INSP-3
QC-406,2025-04-09 04:00:00,PROD-102,WO-10086,Functional Test,Pass,INSP-1
QC-407,2025-04-09 05:00:00,PROD-102,WO-10086,Visual Inspection,Fail,INSP-2
QC-408,2025-04-09 06:00:00,PROD-102,WO-10086,Functional Test,Pass,INSP-3
QC-409,2025-04-09 07:00:00,PROD-102,WO-10086,Dimensional Accuracy,Pass,INSP-4
QC-410,2025-04-09 08:00:00,PROD-102,WO-10086,Visual Inspection,Pass,INSP-4
QC-411,2025-04-09 09:00:00,PROD-102,WO-10086,Visual Inspection,Pass,INSP-2
QC-412,2025-04-09 10:00:00,PROD-102,WO-10086,Visual Inspection,Pass,INSP-2
QC-413,2025-04-09 11:00:00,PROD-102,WO-10086,Dimensional Accuracy,Pass,INSP-5
QC-414,2024-05-05 00:00:00,PROD-102,WO-10087,Visual Inspection,Pass,INSP-5
QC-415,2024-05-05 01:00:00,PROD-102,WO-10087,Functional Test,Pass,INSP-5
QC-416,2024-05-05 02:00:00,PROD-102,WO-10087,Visual Inspection,Pass,INSP-1
QC-417,2024-05-05 03:00:00,PROD-102,WO-10087,Dimensional Accuracy,Pass,INSP-2
QC-418,2024-05-05 04:00:00,PROD-102,WO-10087,Functional Test,Pass,INSP-4
QC-419,2024-05-05 05:00:00,PROD-102,WO-10087,Functional Test,Pass,INSP-3
QC-420,2024-05-05 06:00:00,PROD-102,WO-10087,Visual Inspection,Pass,INSP-2
QC-421,2024-05-05 07:00:00,PROD-102,WO-10087,Dimensional Accuracy,Pass,INSP-1
QC-422,2024-05-05 08:00:00,PROD-102,WO-10087,Visual Inspection,Pass,INSP-4
QC-423,2024-05-05 09:00:00,PROD-102,WO-10087,Visual Inspection,Pass,INSP-4
QC-424,2024-05-05 10:00:00,PROD-102,WO-10087,Visual Inspection,Pass,INSP-2
QC-425,2024-05-05 11:00:00,PROD-102,WO-10087,Functional Test,Pass,INSP-1
QC-426,2024-05-05 12:00:00,PROD-102,WO-10087,Visual Inspection,Fail,INSP-5
QC-427,2024-05-05 13:00:00,PROD-102,WO-10087,Visual Inspection,Pass,INSP-3
QC-428,2024-05-05 14:00:00,PROD-102,WO-10087,Dimensional Accuracy,Pass,INSP-5
QC-429,2025-02-17 00:00:00,PROD-102,WO-10089,Visual Inspection,Pass,INSP-1
QC-430,2025-02-17 01:00:00,PROD-102,WO-10089,Dimensional Accuracy,Pass,INSP-2
QC-431,2025-02-17 02:00:00,PROD-102,WO-10089,Dimensional Accuracy,Pass,INSP-4
QC-432,2025-02-17 03:00:00,PROD-102,WO-10089,Dimensional Accuracy,Pass,INSP-4
QC-433,2025-02-17 04:00:00,PROD-102,WO-10089,Visual Inspection,Pass,INSP-2
QC-434,2025-02-17 05:00:00,PROD-102,WO-10089,Functional Test,Pass,INSP-1
QC-435,2025-02-17 06:00:00,PROD-102,WO-10089,Dimensional Accuracy,Pass,INSP-5
QC-436,2025-02-17 07:00:00,PROD-102,WO-10089,Functional Test,Pass,INSP-2
QC-437,2025-02-17 08:00:00,PROD-102,WO-10089,Functional Test,Fail,INSP-2
QC-438,2025-02-17 09:00:00,PROD-102,WO-10089,Visual Inspection,Pass,INSP-1
QC-439,2025-02-17 10:00:00,PROD-102,WO-10089,Dimensional Accuracy,Pass,INSP-5
QC-440,2024-12-28 00:00:00,PROD-104,WO-10090,Functional Test,Pass,INSP-2
QC-441,2024-12-28 01:00:00,PROD-104,WO-10090,Functional Test,Pass,INSP-1
QC-442,2024-12-28 02:00:00,PROD-104,WO-10090,Functional Test,Pass,INSP-3
QC-443,2025-06-16 00:00:00,PROD-103,WO-10091,Functional Test,Pass,INSP-5
QC-444,2025-06-16 01:00:00,PROD-103,WO-10091,Functional Test,Pass,INSP-3
QC-445,2025-06-16 02:00:00,PROD-103,WO-10091,Dimensional Accuracy,Pass,INSP-5
QC-446,2024-06-26 00:00:00,PROD-101,WO-10093,Functional Test,Pass,INSP-5
QC-447,2024-06-26 01:00:00,PROD-101,WO-10093,Dimensional Accuracy,Pass,INSP-3
QC-448,2024-06-26 02:00:00,PROD-101,WO-10093,Visual Inspection,Pass,INSP-3
QC-449,2024-06-26 03:00:00,PROD-101,WO-10093,Functional Test,Pass,INSP-4
QC-450,2024-06-26 04:00:00,PROD-101,WO-10093,Dimensional Accuracy,Pass,INSP-5
QC-451,2024-06-26 05:00:00,PROD-101,WO-10093,Functional Test,Pass,INSP-2
QC-452,2024-06-26 06:00:00,PROD-101,WO-10093,Visual Inspection,Pass,INSP-1
QC-453,2025-11-06 00:00:00,PROD-101,WO-10095,Functional Test,Pass,INSP-3
QC-454,2025-11-06 01:00:00,PROD-101,WO-10095,Functional Test,Pass,INSP-5
QC-455,2025-11-06 02:00:00,PROD-101,WO-10095,Dimensional Accuracy,Pass,INSP-4
QC-456,2025-11-06 03:00:00,PROD-101,WO-10095,Dimensional Accuracy,Pass,INSP-5
QC-457,2025-11-06 04:00:00,PROD-101,WO-10095,Visual Inspection,Pass,INSP-2
QC-458,2025-11-06 05:00:00,PROD-101,WO-10095,Dimensional Accuracy,Pass,INSP-2
QC-459,2025-11-06 06:00:00,PROD-101,WO-10095,Dimensional Accuracy,Pass,INSP-4
QC-460,2025-11-06 07:00:00,PROD-101,WO-10095,Dimensional Accuracy,Pass,INSP-1
QC-461,2025-11-06 08:00:00,PROD-101,WO-10095,Visual Inspection,Pass,INSP-2
QC-462,2025-11-06 09:00:00,PROD-101,WO-10095,Dimensional Accuracy,Pass,INSP-3
QC-463,2024-06-11 00:00:00,PROD-104,WO-10096,Dimensional Accuracy,Pass,INSP-2
QC-464,2024-06-11 01:00:00,PROD-104,WO-10096,Dimensional Accuracy,Pass,INSP-1
QC-465,2024-06-11 02:00:00,PROD-104,WO-10096,Visual Inspection,Pass,INSP-3
QC-466,2024-06-11 03:00:00,PROD-104,WO-10096,Visual Inspection,Fail,INSP-2
QC-467,2024-06-11 04:00:00,PROD-104,WO-10096,Dimensional Accuracy,Pass,INSP-1
QC-468,2024-06-11 05:00:00,PROD-104,WO-10096,Functional Test,Pass,INSP-5
QC-469,2024-06-11 06:00:00,PROD-104,WO-10096,Dimensional Accuracy,Pass,INSP-1
QC-470,2024-06-11 07:00:00,PROD-104,WO-10096,Functional Test,Pass,INSP-3
QC-471,2025-11-26 00:00:00,PROD-104,WO-10097,Functional Test,Pass,INSP-2
QC-472,2025-11-26 01:00:00,PROD-104,WO-10097,Functional Test,Pass,INSP-1
QC-473,2025-08-11 00:00:00,PROD-101,WO-10098,Visual Inspection,Pass,INSP-2
QC-474,2025-08-11 01:00:00,PROD-101,WO-10098,Dimensional Accuracy,Pass,INSP-4
QC-475,2025-08-11 02:00:00,PROD-101,WO-10098,Visual Inspection,Pass,INSP-3
QC-476,2025-08-11 03:00:00,PROD-101,WO-10098,Visual Inspection,Pass,INSP-2
QC-477,2025-08-11 04:00:00,PROD-101,WO-10098,Functional Test,Pass,INSP-2
QC-478,2025-08-11 05:00:00,PROD-101,WO-10098,Visual Inspection,Pass,INSP-1
QC-479,2025-08-11 06:00:00,PROD-101,WO-10098,Visual Inspection,Pass,INSP-2
QC-480,2025-08-11 07:00:00,PROD-101,WO-10098,Visual Inspection,Pass,INSP-1
QC-481,2025-08-11 08:00:00,PROD-101,WO-10098,Dimensional Accuracy,Pass,INSP-3
QC-482,2025-08-11 09:00:00,PROD-101,WO-10098,Dimensional Accuracy,Pass,INSP-3
QC-483,2025-08-11 10:00:00,PROD-101,WO-10098,Functional Test,Pass,INSP-4
QC-484,2025-08-11 11:00:00,PROD-101,WO-10098,Visual Inspection,Pass,INSP-5
QC-485,2024-01-12 00:00:00,PROD-104,WO-10100,Dimensional Accuracy,Pass,INSP-3
QC-486,2024-01-12 01:00:00,PROD-104,WO-10100,Visual Inspection,Pass,INSP-2
QC-487,2024-01-12 02:00:00,PROD-104,WO-10100,Functional Test,Pass,INSP-3
QC-488,2024-01-12 03:00:00,PROD-104,WO-10100,Visual Inspection,Pass,INSP-5
QC-489,2024-01-12 04:00:00,PROD-104,WO-10100,Visual Inspection,Pass,INSP-5
